dataset	task	method_a	method_b	n_images	mean_difference_a_minus_b_pp	paired_bootstrap_95ci_low_pp	paired_bootstrap_95ci_high_pp	wilcoxon_p_raw	wilcoxon_p_holm_within_cell	wilcoxon_p_holm_global_60
UCL	BPD	Proposed-DINOv2	Proposed-DINOv3	49	0.77709901	-0.34317555	2.20847170	0.0765014279663	0.0765014279663	1
UCL	BPD	Proposed-DINOv2	HRNet-W18	49	0.40657866	-0.97667964	1.67210121	0.00368203208074	0.0110460962422	0.0810047057763
UCL	BPD	Proposed-DINOv2	RTMPose-s	49	-5.38663748	-7.62911451	-3.33568632	2.49070046721e-06	9.96280186884e-06	7.72117144835e-05
UCL	BPD	Proposed-DINOv3	HRNet-W18	49	-0.37052035	-1.76921606	0.75901147	0.0109547022964	0.0219094045928	0.219094045928
UCL	BPD	Proposed-DINOv3	RTMPose-s	49	-6.16373649	-8.50698683	-3.99659497	5.65855984291e-08	3.39513590575e-07	2.26342393716e-06
UCL	BPD	HRNet-W18	RTMPose-s	49	-5.79321614	-8.09158319	-3.67676171	4.8475951786e-07	2.4237975893e-06	1.7451342643e-05
UCL	OFD	Proposed-DINOv2	Proposed-DINOv3	49	0.18646331	-0.06719169	0.49563234	0.00532151604029	0.0159645481209	0.111751836846
UCL	OFD	Proposed-DINOv2	HRNet-W18	49	-0.64915222	-1.78040610	0.16066161	0.0506285847413	0.101257169483	0.860685940602
UCL	OFD	Proposed-DINOv2	RTMPose-s	49	-5.17585376	-7.25296807	-3.37488136	3.23240101352e-10	1.61620050676e-09	1.45458045608e-08
UCL	OFD	Proposed-DINOv3	HRNet-W18	49	-0.83561553	-2.18542823	0.07159080	0.121407219763	0.121407219763	1
UCL	OFD	Proposed-DINOv3	RTMPose-s	49	-5.36231707	-7.50255531	-3.49158021	8.76134720329e-11	5.25680832197e-10	4.03021971351e-09
UCL	OFD	HRNet-W18	RTMPose-s	49	-4.52670154	-6.59933231	-2.65559020	2.06536433467e-06	8.26145733868e-06	6.60916587094e-05
UCL	APAD	Proposed-DINOv2	Proposed-DINOv3	36	1.16338948	0.19554384	2.44150690	0.400604735517	0.645104682132	1
UCL	APAD	Proposed-DINOv2	HRNet-W18	36	-0.82897462	-3.12023436	1.25301513	0.0797356081894	0.239206824568	1
UCL	APAD	Proposed-DINOv2	RTMPose-s	36	-10.05987889	-13.35352977	-7.23369555	1.30094122142e-08	7.80564732852e-08	5.46395312996e-07
UCL	APAD	Proposed-DINOv3	HRNet-W18	36	-1.99236410	-4.80280548	0.50618069	0.322552341066	0.645104682132	1
UCL	APAD	Proposed-DINOv3	RTMPose-s	36	-11.22326838	-14.94370509	-8.15568886	1.55996531248e-08	7.80564732852e-08	6.39585778117e-07
UCL	APAD	HRNet-W18	RTMPose-s	36	-9.23090428	-12.79809533	-5.83201783	1.45816011354e-06	5.83264045416e-06	4.95774438604e-05
UCL	TAD	Proposed-DINOv2	Proposed-DINOv3	36	2.85182705	0.03566497	5.96435371	0.0392947650107	0.049883244501	0.707305770193
UCL	TAD	Proposed-DINOv2	HRNet-W18	36	2.57898923	0.41847019	5.16425101	0.00153790038894	0.00461370116682	0.0353717089456
UCL	TAD	Proposed-DINOv2	RTMPose-s	36	-9.66205859	-14.98700784	-4.93152228	0.000185720564332	0.000742882257328	0.00482873467263
UCL	TAD	Proposed-DINOv3	HRNet-W18	36	-0.27283781	-2.79620162	2.19962933	0.0249416222505	0.049883244501	0.47389082276
UCL	TAD	Proposed-DINOv3	RTMPose-s	36	-12.51388563	-16.51004813	-8.99096221	7.27595761418e-10	4.36557456851e-09	3.20142135024e-08
UCL	TAD	HRNet-W18	RTMPose-s	36	-12.24104782	-17.28110276	-7.91828028	4.29223291576e-07	2.14611645788e-06	1.58812617883e-05
UCL	FL	Proposed-DINOv2	Proposed-DINOv3	39	0.07193989	-0.03302946	0.17357618	0.282231299577	0.282231299577	1
UCL	FL	Proposed-DINOv2	HRNet-W18	39	-0.38576865	-2.10875913	0.55367776	3.67003667634e-06	1.1010110029e-05	0.00011010110029
UCL	FL	Proposed-DINOv2	RTMPose-s	39	-16.22130110	-26.67032580	-8.91121651	3.63797880709e-12	2.18278728425e-11	1.81898940355e-10
UCL	FL	Proposed-DINOv3	HRNet-W18	39	-0.45770854	-2.19679350	0.51064202	0.000147311908222	0.000294623816444	0.00397742152199
UCL	FL	Proposed-DINOv3	RTMPose-s	39	-16.29324099	-26.64797421	-9.06523493	3.63797880709e-12	2.18278728425e-11	1.81898940355e-10
UCL	FL	HRNet-W18	RTMPose-s	39	-15.83553245	-26.33132736	-8.77297113	3.63797880709e-12	2.18278728425e-11	1.81898940355e-10
MULTICENTRE	BPD	Proposed-DINOv2	Proposed-DINOv3	1180	0.81162603	0.56565033	1.05791544	1.09087460863e-32	2.18174921726e-32	5.78163542574e-31
MULTICENTRE	BPD	Proposed-DINOv2	HRNet-W18	1180	2.21359706	1.90167075	2.51815223	9.98829389596e-121	5.99297633758e-120	5.99297633758e-119
MULTICENTRE	BPD	Proposed-DINOv2	RTMPose-s	1180	0.75055657	0.40572491	1.08031836	1.17348945862e-35	3.52046837586e-35	6.45419202241e-34
MULTICENTRE	BPD	Proposed-DINOv3	HRNet-W18	1180	1.40197103	1.13476251	1.67444090	2.83568090585e-81	1.41784045293e-80	1.67305173445e-79
MULTICENTRE	BPD	Proposed-DINOv3	RTMPose-s	1180	-0.06106946	-0.39035808	0.23803528	0.000648131883939	0.000648131883939	0.0155551652145
MULTICENTRE	BPD	HRNet-W18	RTMPose-s	1180	-1.46304049	-1.83053785	-1.12970396	1.78637082502e-60	7.14548330008e-60	1.01823137026e-58
MULTICENTRE	OFD	Proposed-DINOv2	Proposed-DINOv3	1189	0.39363214	0.17750489	0.62267448	1.14926078041e-07	2.29852156082e-07	4.36719096556e-06
MULTICENTRE	OFD	Proposed-DINOv2	HRNet-W18	1189	1.35210954	0.98289190	1.75239388	5.41853669848e-68	3.25112201909e-67	3.14275128512e-66
MULTICENTRE	OFD	Proposed-DINOv2	RTMPose-s	1189	0.46513537	0.11982803	0.81633558	8.13922965082e-09	2.44176889525e-08	3.49986874985e-07
MULTICENTRE	OFD	Proposed-DINOv3	HRNet-W18	1189	0.95847741	0.63330597	1.30374996	1.05763609711e-50	5.28818048555e-50	5.92276214382e-49
MULTICENTRE	OFD	Proposed-DINOv3	RTMPose-s	1189	0.07150323	-0.23108263	0.38179228	0.151358835544	0.151358835544	1
MULTICENTRE	OFD	HRNet-W18	RTMPose-s	1189	-0.88697418	-1.24197453	-0.54894630	2.86038325208e-33	1.14415330083e-32	1.54460695612e-31
MULTICENTRE	APAD	Proposed-DINOv2	Proposed-DINOv3	161	-0.11812140	-0.59420348	0.33302000	0.559222735988	1	1
MULTICENTRE	APAD	Proposed-DINOv2	HRNet-W18	161	-1.89795810	-2.71027586	-1.14522103	1.47849787094e-05	5.91399148376e-05	0.000413979403863
MULTICENTRE	APAD	Proposed-DINOv2	RTMPose-s	161	-1.89436695	-2.90941420	-1.02504252	1.77523212847e-06	1.06513927708e-05	5.85826602395e-05
MULTICENTRE	APAD	Proposed-DINOv3	HRNet-W18	161	-1.77983670	-2.52551192	-1.08266457	0.000210828300511	0.000632484901533	0.00527070751277
MULTICENTRE	APAD	Proposed-DINOv3	RTMPose-s	161	-1.77624555	-2.62157193	-1.02259595	6.30652683797e-06	3.15326341898e-05	0.000182889278301
MULTICENTRE	APAD	HRNet-W18	RTMPose-s	161	0.00359115	-0.89083842	0.87317216	0.830926805423	1	1
MULTICENTRE	TAD	Proposed-DINOv2	Proposed-DINOv3	161	0.10591330	-0.81013520	1.00420713	0.727433869456	1	1
MULTICENTRE	TAD	Proposed-DINOv2	HRNet-W18	161	0.07087031	-0.73858281	0.89434094	0.80862014941	1	1
MULTICENTRE	TAD	Proposed-DINOv2	RTMPose-s	161	-0.39846587	-1.75301237	0.75901696	0.914647378526	1	1
MULTICENTRE	TAD	Proposed-DINOv3	HRNet-W18	161	-0.03504299	-0.69056063	0.63455067	0.564344261196	1	1
MULTICENTRE	TAD	Proposed-DINOv3	RTMPose-s	161	-0.50437917	-1.95953551	0.66474248	0.94550070612	1	1
MULTICENTRE	TAD	HRNet-W18	RTMPose-s	161	-0.46933618	-1.93671764	0.66610744	0.358077545244	1	1
MULTICENTRE	FL	Proposed-DINOv2	Proposed-DINOv3	362	0.06552603	-0.14630127	0.28755204	0.62778373425	0.62778373425	1
MULTICENTRE	FL	Proposed-DINOv2	HRNet-W18	362	-0.15485626	-0.74195618	0.30408747	6.18426490989e-08	1.85527947297e-07	2.41186331486e-06
MULTICENTRE	FL	Proposed-DINOv2	RTMPose-s	362	-2.17410617	-4.99773269	-0.59436664	6.19124200318e-15	3.09562100159e-14	3.15753342162e-13
MULTICENTRE	FL	Proposed-DINOv3	HRNet-W18	362	-0.22038229	-0.82284134	0.23225207	6.26875980248e-07	1.2537519605e-06	2.19406593087e-05
MULTICENTRE	FL	Proposed-DINOv3	RTMPose-s	362	-2.23963220	-5.15909173	-0.55859758	9.18372703947e-12	3.67349081579e-11	4.31635170855e-10
MULTICENTRE	FL	HRNet-W18	RTMPose-s	362	-2.01924991	-4.80293016	-0.49608539	3.25856558203e-26	1.95513934922e-25	1.69445410266e-24
